,No,Participant01,Participant02,Participant03,Participant04,Participant05,Participant06,Participant07,Participant08,Participant09,Participant10,Participant11,Participant12,Participant13,Participant14,Participant15,Participant16
,Condition,A,B,C,D,A,B,C,D,A,B,C,D,A,B,C,D
Corpus1,1,-,hey Google read a bedtime story,hey Google read me a bedtime story,Google read a bedtime story,read read that back bedtime,Hey Google read a bedtime story,Read,hey Google wake me up at 10:30,hey Google read a bedtime story,Hey Google read a bedtime story,-,hey Google 3 up at 5:30,Peter Pan story,Clear Google history,Bedtime story,Elizabethton star
Corpus1,2,3 hey Google yesterday,hello Google,hey Google did the Liverpool win yesterday,Hoverboard,hey Google did the Liverpool win yesterday,hey Google,hey Google when's Saturday,hey Google did the,hey Google,hey Google did the Liverpool win yesterday,hey Google,hey Google,hey Google Assistant,hello Google,hey Google,-
Corpus1,3,hey Google redial,Ok Google redial,hey Google video,Hoverboard,hey Google redial,hey Google redial,hey Google,clear Google,hey Google redial,hey Google,Redial,hey Google redial,Facebook retired,hello Google,hey Google radio,-
Corpus1,4,hey Google call the nearest coffee shop,OK Google call the copy shop,hey Google call the nearest coffee shop,hey Google call the nearest coffee shop,hey Google call the nearest coffee shop,"hey Google, nearest coffee shop",hey Google call nearest coffee shop,hey Google call the nearest coffee shop,hey Google call the nearest coffee shop,hey Google call the nearest coffee shop,hey Google call the nearest coffee shop,hey you got coming here sucking cock,hey Google call the nearest coffee shop,who Google call Dolores coffee shop,hey Google call the nearest coffee shop,go to the nearest
Corpus1,5,hey Google stop the music,hey Google stop the music,hey Google stop the music,hey Google stop the music,hey Google stop the music,hey Google stop the music,hey Google stop the music,Google something,hey Google stop the music,hey Google stop the music,hey Google stop the music,hey is there something you can,hey Google stop the music,hey Google stop the music,hey Google stop the music,Stop the Music
Corpus1,6,hey Google what's the last break everybody up,hey Google broadcast work everybody app,hey Google Voice cars with everybody up,broadcast everybody else,hey Google broadcast wake every everybody,undo that row pause everybody up,hey Google broadcast wake everybody app,clear Google.,hey Google broadcast,hey Google wake everybody up,broadcast wake everybody up,hey Google Play Everybody app,hey Google broadcast with everybody else,hello Google,hey Google wake me up everybody app,Google everybody
Corpus1,7,Hey Google dim the living room lights,hi Google,Hey Google dim the living room light,Hoverboard,hey Google turn the living room lights,Hey Google turn the living room light,hey Google turn the living room light,Hey Google dim the living room lights,hey Google dim the living room light,Hey Google dim the living room lights,make a salad,hey Google,Facebook,go Google,hey Google dim the living room lights,dim the living room lights
Corpus1,8,hey Google broadcast dinner is ready,all Google products,hey Google broadcast dinner is late,who Google broadcast dinner is ready,hey Google broadcast dinner is ready,broadcast dinner is ready,hey Google broadcast in is red,hey Google,hey Google broadcast dinner is ready,hey Google,hey Google broadcast dinner is ready,hey Google good night,broadcast dinner is ready,hello Google,hey Google broadcast dinner is ready,-
Corpus1,9,hey Google turn on the bedroom lights,hey Google turn on bedroom light,hey Google turn on the bedroom light,turn on the bedroom lights,hey Google turn on the bedroom light,hey Google turn on bedroom light,hey Google turn on the bathroom light,hey Google turn on the bedroom light,hey Google turn on the bedroom light,hey Google turn on the bedroom light,hey Google turn on the bedroom light,hey Google turn on the bedroom light,end to this channel.,hey Google turn on the bedroom light,hey Google turn on the bedroom lights,Mini light
Corpus1,10,hey Google turn on the bedroom lights,a Google broadcast,hey Google broadcast time to leave for school,broadcast antonym for school,hey Google broadcast I'm to be for school,hey Google broadcast,hey Google broadcast time to leave for school,Google Google,hey Google broadcast time to leave for school,hey Google time to leave for school,hey Google broadcast time to leave for school,hey Google,Faith Lutheran pre-school,clear Google Map Destiny for school,hey Google broadcast,look up
Corpus1,11,hey Google stop,hi Google.,hey Google stop,hello Google.,hey Google stop,hello Google.,hey Google stop,go Google.,hey Google stop,hey Google stop,hey Google stop,hey Google stop,hey Google stop,who Google doc,hey Google stop,-
Corpus1,12,hey Google play music on all the downstairs speakers,Hello Google play music,hey Google play music on order dial Steve speaker,Who Google play music on all the downstairs speakers,hey Google play music on all speakers,Her Google play music on all the downstairs speakers,hey Google play music on all the downstairs speaker,Who Google play music on downstairs speakers,hey Google play music on the downstairs speakers,hey Google play music on all the downstairs speaker,hey Google play music on all the downstairs speakers,hey Google play music,hey Google play music on all the speakers.,who Google play music on all the downstairs speakers,hey Google play music on all downstairs speakers,play music
Corpus1,13,hey Google play some hip hop,hello Google,hey Google play some hip hop,hey Google play some hip hop,hey Google play some hip hop,Play song Hip Hop,Google play some hip hop,who Google,hey Google play some hip hop,hey Google play some hip hop,hey Google,hey Google Play sunset,Facebook is asking for,hey Google play some hip hop,hey Google play some hip hop,Clear
Corpus1,14,hey Google snooze the alarm,hello Google,hey Google snooze the alarm,-,hey Google,remove snooze that alarm,hey Google snooze alarm,go Google.,hey Google snooze the alarm,hey Google snooze the alarm,make the alarm,-,play some dance new.,who Google who is Allah,hey Google snooze alarm,who do
Corpus1,15,hey Google what does an elephant sound like,hello Google,hey Google what's the weather in indefensible light,-,Play,what does an elephant sound like,Google what does an elephant sound like,Ok Google what does an elephant sound like,hey Google what does an elephant sound like,hey Google what does an elephant sound like,hey Google what does an elephant sound like,-,What does an elephant sound like,hey Google what does an elephant sound like,hey Google what does an elephant sound like,-
Corpus1,16,-,"hey Google remember that I left a spare key in the kitchen, port",hey Google remind that I leave the spare key in the kitchen Concord,-,remember that I left a spare keys in the Kitchen Kettle,hurdle. Remember that I left the spare keys in the Kitchen come on,Hey Google remember that I left the spare keys in the kitchen purple,Google Google,Hey Google remember that I left the spare key,Hey Google remember that I left the keys in the kitchen cupboard,Hey Google remember that I left the spare key in the kitchen apart,Hey Google remember that I left the key in the kitchen,Hey Google Assistant,Google Google numbered that I left the spare keys in the kitchen cupboard,Hey Google remember I left the staircase in the kitchen of Borg,-
Corpus1,17,-,a bun Bo,hey Google play the Batman on TV,Hey Google play Batman on TV,hey Google play Pac-Man on TV,hey Google play Batman on TV,hey Google play Fat Man on TV,clear Google TV,hey Google play Batman on TV,hey Google play Batman on TV,Google play Batman on TV,hey Google play Pac-Man on TV,hey Google play some Pandora,hey Google play Batman on TV,hey Google play Batman on TV,-
Corpus1,18,Hey Google Assistant support,hello Google what is the font word for Kirkwood,hey Google what is the French word for grapefruit,hello Google what is the French word for grapefruit,hey Google what is the French word for grapefruit,hello Google what is the French word for Break Free,hey Google what is the French word for grapefruit,hey Google what is the French word for gypsy,hey Google what is the French word for grapefruit,OK Google what is the French word for grapefruit,hey Google what is the French word for grapefruit,hey Google what is a Frank,hey Google what is the French word for grapefruit,oh Google what is the French word for grapefruit,hey Google what is the French word for different,-
Corpus1,19,OK Google help,a Google hub,hey Google help,hoverboard help,hey Google help,hey Google help,hey Google,hey Google help,OK Google,hey Google help,hey Google help,hey Google,hey Google,Google help,hey Google,-
Corpus1,20,hey Google what are my reminders for this week,hey Google what are my reminders for the day,hey Google what are my limiter for this week,what are my reminders for this week,hey Google what are my remind reminder for this week,hey Google reminders for this week,hey Google what are my reminders for this week,hey Google what are my reminders for this week,hey Google what are my reminders for this week,hey Google what are my reminders for this week,what are my reminders for this week,hey Google add a reminder,hey Google one of my reminder for this week,hey Google what are my reminders for this week,what are my reminders for this week,-
,Condition,B,C A,D,A,B,C,D,A,B,C,D,A,B,C,D,A
Corpus2,1,hey Google what's an elephant sound like,Hey Google what does an elephant sound like,hey Google.,what does an elephant sound like,Hey Google what does an elephant sound like,hey Google what does an elephant sound like,hey Google what does an elephant sound like,hey Google what does an elephant sound like,-,Hey Google what does an elephant sound like,Hey Google what does an elephant sound like,Hey Google what does an elephant sound like,-,Hey Google what does an elephant sound like,Herndon oil,What does an elephant sound like
Corpus2,2,Hey Google remind me at 10 a.m. tomorrow to take my lunch into work,Hey Google remind me at 8 a.m. tomorrow to take my lunch into work,Hey Google remove device,Hey Google remind me at 8 a.m. tomorrow to take my lunch into work,Hey Google remind me at 8 a.m. tomorrow to take my lunch,Hey Google remind me at 8 a.m. tomorrow to take my lunch and to walk,OK Google remind me at 8 a.m. tomorrow to take my lunch,Hey Google remind me at 8 a.m. tomorrow to take my lunch into work,-,Hey Google remind me at 8 a.m. tomorrow to take my lunch into work,Hey Google remind me at 8 a.m. tomorrow to take my lunch,Hey Google remind me at 8 p.m. tomorrow to take my lunch into work,This is at 8 a.m. tomorrow to take my,Hey Google remind me at 10:08 a.m. tomorrow to take my lunch into work,hey Google remind me at 8 a.m. tomorrow to take my lock at work,remind me at 8 a.m. tomorrow to take my lunch into work
Corpus2,3,hey Google play some music from Spotify,hey Google play some music from Spotify,hey Google play some music from Spotify,hey Google play some music from Spotify,hey Google play some music on Spotify,hey Google play some music for from Spotify,hey Google play some music,hey Google play some music on Spotify,Hey Google play some music on Spotify,hey Google play some music from Spotify,hey Google play some music from Spotify,hey Google play some music from Spotify,hey Google play music on Spotify,hey Google play some music from Spotify,hey Google play music from Spotify,play some music on Spotify
Corpus2,4,hey Google Play money by Lisa on Spotify,hey Google Play money by Lisa from Spotify,hey Google Play My Name by Alyssa from Spotify,hey Google Play money by Nissa from Spotify,hey Google play Mary by Ali Zafar on Spotify,hey Google Play money by Lisa from Spotify,hey Google play Maddie by kneesocks on Spotify,hey Google Play money by music on Spotify,go Google Play money by police on Spotify,hey Google Play money by Lisa from Spotify,hey Google play Spotify,hey Google Play money by Lisa from Spotify,undo that Spotify,hey Google Play money by music on Spotify,hey Google play Spotify,hey Google Play money by Lisa from Spotify
Corpus2,5,hey Google flip a coin,hey Google flip a coin,hey Google flip a coin,hey Google flip a coin,hey Google flip a coin,hey Google flip a coin,OK Google,hey Google flip a coin,Google flip a coin,flip a coin,how to spell apply,hey Google flip a coin,OK Google,hey Google flip a coin,hey Google flip a coin,hey Google
Corpus2,6,hey Google where do men and Power,hey Google read women and Power,hey Google leave woman and Power,resume run and Power,hey Google,hey Google read women in power,hey Google link Impala,hey Google read women in power,Hey Google Good morning,hey Google read woman and Power,Home Depot on Tower,hey Google read women and flower,Ugly.,hey Google read women and Power,hey Google read my email,-
Corpus2,7,hey Google move my music to the bedroom,hey Google move my music to the back room,hey Google,hey Google move my music to the bedroom,hey Google move my music to the bedroom,hey Google move my music to the Federal,OK Google move my music,hey Google move my music to the bedroom,hello Google move my music to,hey Google move my music to the bedroom,"hey Google, play music to the bedroom",hey Google move my music to the bedroom,Hudson.,hey Google move my music to the bedroom,Horizontal,hey Google move my music to the bedroom
Corpus2,8,hey Google read a bedtime story,hey Google read a bedtime story,hey Google play the story,bedtime story,hey Google read a story,hey Google read a bedtime story,hey Google link up a time story,hey Google read a bedtime story,Hey Google read a bedtime story,hey Google read a bedtime story,how to fold need a bedtime story,hey Google read me a bedtime story,Husband,Google read a bedtime story,hey Google read a bedtime story,hey Google read a bedtime story
Corpus2,9,hey Google open Spotify,hey Google open Spotify,hey Google open Spotify,hey Google open Spotify,hey Google open Spotify,hey Google open Spotify,hey Google open Spotify,hey Google open Spotify,go Google open Spotify,hey Google open Spotify,hey Google open Spotify,hey Google open Spotify,open Spotify,hey Google open Spotify,horizontal on Spotify,open Spotify
Corpus2,10,hey Google where is the temperature to decrease,hey Google raise the temperature 3 degrees,hey Google this is the temperature at 3,hey Google raise the temperature 3 degrees,hey Google is a temperature of 3 degrees,hey Google raise the temperature 3 degrees,hey Google list the table cell creepy games,hey Google raise the temperature 3 degrees,go Google raise the temperature 3 degrees,hey Google raise the temperature 3 degrees,hey Google where's the temperature 3 degrees,hey Google raise the temperature 3 degrees,OK Google,hey Google give me the temperature 3 degrees,hey Google raise,how do I raise the temperature 3 degrees
Corpus2,11,hey Google,hey Google hang up,hey Google hang up,hey Google hang up,hey Google,hey Google hang up,color Google,Google Hangouts,go Google,hey Google hang up,how'd it go,hey Google hang up,Husband,Boo Boo Boo,hey Google hello,hey Google hang up
Corpus2,12,hey Google,Hey Google broadcast time to leave for school,Hey Google delete post,Hey Google broadcast it's time to leave for school,hey Google broadcast time to leave for school,Hey Google broadcast time to leave for school,hey Google,hey Google broadcast I'm to me for school,hey Google broadcast,Hey Google broadcast it's time to leave for school,Home Depot,Hey Google forecast Line TV for school,undo that.,hey Google the best time to leave for school,hey the number to leave for school,have a good time for you for school
Corpus2,13,OK Google by Kennedy office mam,hey Google brighten the office line,OK Google the of the flower,hey Google brighten the office lamp,hey Google brighten that coffee light update,hey Google brighten the office lamp,hey Google,hey Google brighten the office lamp,hey Google brighten the office lamp,hey Google brighten the office lamp,how to thaw,hey Google break into office now,Purple guy,hey Google brighten the office line,hey Google,brighten the office lamp
Corpus2,14,hey Google what is today's headlines,hey Google what's today's headlines,what is today in life,what is today's headlines,hey Google what is today,hey Google what is today's up line,Ok Google what is today's act like,hey Google what is today's headlines,hello Google what is today's headline,hey Google what is today's headlines,hey Google what is today's date,hey Google what is today's headline,undo that last today,hey Google what is today's headlines,hey Google what is today's headlines,hey Google what is today's headlines
Corpus2,15,hey Google Berry equipment,hey Google where did I put the spare key,hey Google when did I go to,Google turn on the bedroom light,hey Google turn on the bedroom,hey Google turn on the bedroom light,OK Google,hey Google turn on the bedroom lights,hey Google turn on bedroom lights,hey Google turn on the bedroom light,hey Google turn on the bedroom light,hey Google turn on the bedroom light,Husband,hey Google turn on the bedroom lights,hey Google turn on the bedroom light,hey Google turn on the bedroom lights
Corpus2,16,hey Google Berry equipment,hey Google where did I put in Spanish keys,Google where did I put the spicy,hey Google where's the spare key,hey Google where did I put that steak,hey Google where did I put the spare keys,hey Google what did I Put a Spell on case,hey Google where did I put the spare keys,Google where did I put the spare keys,hey Google where did I put the spare keys,hey Google where did I put the spare key,hey Google where did I put the spare key,what is the dark web,hey Google where do they put the spare key,hey Google how did it go,hey Google where did I put my keys
Corpus2,17,hey Google redial,hey Google redial,hey Google play radio,hey Google redial,hey Google redial,hey Google redial,Kohl's coupon,hey Google design,go Google Doodle,hey Google redial,how to spell lie down,hey Google redial,Google. I,OK Google redial,hey Google radio,Redial
Corpus2,18,hey Google are there any Italian restaurant,hey Google are there any Italian restaurants around here,hey Google are there any place around here,hey Google are there any Italian restaurants around here,hey Google are there any Italian restaurants around here,hey Google are there any Italian restaurants around here,hey Google are there any Italian restaurants around here,Google are there any Italian restaurants around here,hey Google are there any Italian restaurants around here,hey Google are there any Italian restaurants around here,hey Google are there any Italian restaurants around here,hey Google are there any Italian restaurant around here,-,hey Google are there any Italian restaurants around here,hey Google are there any Italian restaurants around here,hey Google
Corpus2,19,OK Google call my boy,hey Google call my phone,hey Google call my phone,hey Google call my phone,hey Google,hey Google call my phone,hey Google call my phone,hey Google call my phone,hey Google call my phone,hey Google call my phone,hey Google call my phone,hey Google call my phone,how to that,hey Google call my phone,hey Google call my phone,-
Corpus2,20,OK Google do I have anything scheduled for Friday,hey Google do I have anything scheduled for Friday,hey Google do I have any schedule for Friday,hey Google schedule for Friday,hey Google do I have anything scheduled for Friday,hey Google do I have anything scheduled for Friday,Kroger's on Black Friday,hey Google do I have anything scheduled for Friday,go Google do I have anything to deal for Friday,hey Google do I have anything scheduled for Friday,hey Google do I have any things to do for Friday,hey Google do I have anything scheduled for Friday,undo that,hey Google do I have anything scheduled for Friday,hey Google do I have anything scheduled for Friday,14 for Friday
,Condition,D,A C,B,C,D,A,B,C,D,A,B,C,D,A,B,C
Corpus3,1,Hey Google set the thermostat to 20 degrees,Hey Google set the thermostat to 20 degrees,hey Google set up 20 to here,set the thermostat to 20 degrees,hey Google set the timer step to 20 degrees,hey Google set the thermostat to 20 degrees,hey Google set thermostat to,Hey Google set the timer set to 20 degrees,Hello Google from the table motion to 20 degrees,Hey Google set the thermostat to 20 degrees,-,Hey Google set the timer set to 23,Hey Google set the timer,Hey Google set the thermostat to 20 degrees,Hey Google to 20 degrees,Set the timer start to 20 degrees
Corpus3,2,hey Google broadcast,hey Google broadcast dinner is ready,Google podcasts,hey Google broadcast dinner's ready,hey Google,hey Google broadcast dinner is ready,Hey Google broadcast,Google baby,hello Google the dinner is ready,hey Google broadcast dinner is ready,Hey Google broadcast,hey Google broadcast dinner is ready,exit app.,hey Google broadcast dinner is ready,her little dinner is ready,broadcast dinner is ready
Corpus3,3,hey Google set my alarm for 7:50 a.m. tomorrow morning,hey Google set an alarm for 7:15 a.m. tomorrow morning,hey Google set alarm for seven 5:55 15 tomorrow morning,hey Google set an alarm for 7.00 15lt Morrow morning,hey Google set an alarm for 7:50 a.m. tomorrow morning,hey Google set an alarm for 7:16 tomorrow morning,OK Google set an alarm for 7:45 a.m. tomorrow morning,hey Google set the alarm for 7:15 a.m. tomorrow morning,hello Google set an alarm for 7:05 a.m. tomorrow morning,hey Google set an alarm for 7:15 a.m. tomorrow morning,how to cook 5:15 a.m. tomorrow morning,hey Google set an alarm for 7 for 9:15 a.m. tomorrow morning,Set an alarm for 5 a.m.,hey Google set an alarm for 7:15 a.m. tomorrow morning,hey Google set an alarm for 7 a.m.,hey Google set an alarm for 7:15 a.m. 7:15 a.m. tomorrow morning
Corpus3,4,hey Google delete my reminder,hey Google delete my reminder to pick up my dry cleaning,OK Google,hey Google delete my reminder to pick up my dry cleaning,hey Google delete my reminder to pick up my dry cleaning,hey Google delete my reminder to pick up my dry cleaning,hey Google delete my reminder to pick up my dry cleaning,hey Google delete my reminder to pick up my dry laundry dry cleaning,hello Google,hey Google delete my reminder to pick up my dry cleaning,hey Google delete my reminder to pick up my dry cleaning,hey Google delete my reminder to pick up my dry cleaning,hey Google delete my reminder,hey Google delete my reminder to pick up my dry cleaning,hey Google delete,delete my reminder to pick up my dry cleaning
Corpus3,5,hey Google speak to the next chapter,hey Google skip to the next chapter,hey Google,hey Google skip to the next chapter,hey Google skip it skip to the next,hey Google skip to the next chapter,OK Google skip to the next chapter,hey Google skip to the next chapter,hello Google.,hey Google skip to the next chapter,hey Google skip to the next chapter,hey Google skip to the next chapter,H2.,hey Google skip to the next chapter,hey Google next,hey Google skip to the next chapter
Corpus3,6,hey Google,hey Google did the Liverpool win yesterday,hey Google did Liverpool win yesterday,hey Google did the Liverpool win yesterday,hey Google did the Liverpool win yesterday,hey Google is the Liverpool win yesterday,OK Google on the Liverpool win yesterday,hey Google did the Liverpool win yesterday,Hello Google,hey Google did the Liverpool win yesterday,hey Google,hey Google did the Liverpool win yesterday,Subcompact,hey Google did the Liverpool win yesterday,hey Google did the Liverpool win yesterday,did the Rockies win yesterday
Corpus3,7,hey Google are you really going to red,hey Google when is it going to rain,hey Google when is it going to rain,hey Google when is going to rain,hey Google when is it going to rain today,hey Google when is it going to rain,hey Google is it going to rain,hey Google when is it going to rain,hello Google when is it going to rain,hey Google when is it going to rain,hey Google when is it going to,hey Google when is it going to rain,Play,hey Google when is it going to rain,hey Google when is it going to rain,when is it going to rain
Corpus3,8,hey Google sing a song,hey Google sing a song,hey Google,Google song,hey Google sing a song,hey Google sing the song,go Google,hey Google sing a song,hey Google play the song,hey Google sing a song,Hey Google sing a song,hey Google sing a song,hey Google,hey Google sing a song,hey Google sing a song,I'm good
Corpus3,9,Hey Google are there any Italian restaurants around here,Hey Google are there any Italian restaurants around here,hey Google are there any Indian restaurant around here,Hey Google are there any Italian restaurants around here,Hey Google are there any Italian restaurants around here,Hey Google are there any Italian restaurants around here,hey Google are there any Italian restaurants around here,Hey Google are there any Chinese restaurants around here,Hello Google are there any Italian restaurants around here,Hey Google are there any Italian restaurants around here,Hey Google are there any Italian restaurants around here,Hey Google are there any Italian restaurant around here,hey Google are there any Italian restaurant around here,Hey Google are there any Italian restaurants around here,Hey Google are there any Italian restaurant around here,I will get
Corpus3,10,ok Google,hey Google start at 4 today,hey Google,Google start the school day,hey Google stop,hey Google start today,go Google start school,hey Google start the school day,go to Google Calendar Green Day,hey Google start the school day,hey Google stop next payday,hey Google start their school day,ok Google,hey Google start the school day,Cardinal Hyundai,Stop
Corpus3,11,hey Google,hey Google hang up,hey Google app,hey Google Hangouts,hey Google,hey Google hang up,Cocovan,hey Google hang up,who Google highlight,hey Google hang up,hey Google,hey Google hang up,hey Google hello,hey Google hang up,hey Google hello,-
Corpus3,12,hey Google help,Hey Google help,hey Google help,hey Google help,hey Google,Hey Google app,OK Google,hey Google,hello Google,hey Google,hey Google help,Hey Google stop,OK Google,Google help,hey Google help,they will get
Corpus3,13,OK Google,hey Google broadcast wake everybody up,hey Google with everyone everybody off,Google broadcast wake everybody up,hey Google wake everybody up,hey Google broadcast everybody out,OK Google,hey Google broadcast wake everybody up,hello Google.,hey Google broadcast with everyday of,hey Google broadcast make everybody up,hey Google broadcast wake everybody up,hey Google broadcast,hey Google broadcast make everybody up,hey Google broadcast,wake up everybody
Corpus3,14,OK Google how do you solve this problem,hey Google how do you solve this problem,hey Google how do you solve this problem,hey Google how do you solve this problem,hey Google how do you solve this problem,hey Google how do you solve this problem,OK Google how do you solve this problem,hey Google how do you solve this problem,Hey Google how do you solve this problem,hey Google how do you solve this problem,hey Google how do you spell describing,hey Google how do you solve this problem,hey Google how do you solve this problem,hey Google how do you solve this problem,hey Google how do you solve this problem,I'm good
Corpus3,15,hey Google set the temperature to decrease,hey Google raise the temperature 3 degrees,what's the temperature 3 degrees,hey Google raise the temperature 3 degrees,hey Google,hey Google raise the temperature 3 degrees,OK Google,hey Google what is the temperature 3 degrees,boo boo boo that is the temperature 3 degrees,hey Google raise the temperature 3 degrees,hey Google what is the temperature create,hey Google read the temperature 3 degrees,hey Google,hey Google what is the temperature 2 degrees,hey Google where is the temperature 10 degrees,below freezing
Corpus3,16,hey Google stop the music,hey Google stop the music,stop the music,hey Google stop the music,hey Google stop the music,hey Google stop the music,hey Google stop the music,hey Google stop the music,hello Google.,hey Google stop the music,hey Google stop the music,hey Google stop the music,hey Google stop the music,hey Google stop the music,hey Google stop the music,stop the music
Corpus3,17,hey Google read a bedtime story,hey Google read a bedtime story,hey Google list bedtime story,hey Google read a bedtime story,hey Google Play The Bedtime Story,hey Google read a bedtime story,OK Google link up a time story,hey Google I need a bedtime story,Hello Google read a bedtime story,hey Google read a bedtime story,hey Google read a bedtime story,hey Google read me a bedtime bedtime story,Kirkland's app,hey Google read a bedtime story,hey Google read a bedtime story,read me the bedtime story
Corpus3,18,hey Google add apples to my shopping list,hey Google add apples to my shopping list,Google shopping list,hey Google add apples to my shopping list,hey Google.,hey Google add apples to my shopping list,OK Google apply to my shopping list,hey Google add apples to my shopping list,hello Google add apples to my shopping list,hey Google add apples to my shopping list,how to go to my shopping list,hey Google add apples to my shopping list,-,hey Google add apples to my shopping list,hey Google help to my shopping list,hey Google add Hoppers to my shopping list
Corpus3,19,hey Google what does an elephant sound like,hey Google what does an elephant sound like,Google elephants,hey Google what does an elephant sound like,hey Google what does an elephant sound like,hey Google what does an elephant sound like,hey Google what does an elephant sound like,hey Google what does an elephant sound like,hello Google what does an elephant sound like,hey Google what does an elephant sound like,hey Google what does an elephant sound like,OK Google what does an elephant sound like,OK Google what does an elephant sound like,hey Google what does an elephant sound like,horizontal what does an elephant sound like,what does an elephant sound like
Corpus3,20,hey Google what's the football start,Hey Google broadcast the football is about to start,hey Google broadcast the football is around about his thoughts,Hey Google broadcast the football is about to start,hey Google.,Hey Google broadcast the football is about to stop,Hey Google broadcast the football is about to start,Hey Google broadcast the football is about to start,audible football is about to start,Hey Google broadcast the football is about to start,Hey Google broadcast the football is about to stop,Hey Google broadcast. 4 is supposed to stop,-,Hey Google broadcast the football is about to start,hey Google,Stop
,Condition,C,D,A,B,C,D,A,B,C,D,A,B,C,D,A,B
Corpus4,1,hey Google stop the music,hey Google stop the music,hey Google stop the music,hello Google stop music,Hey Google stop the music,stop the music,hey Google stop the music,Google that something is it,Google stop the music,Hey Google stop the music,Hey Google stop the music,Hey Google stop the music,Hey Google stop the music,Stop the music,Hey Google stop the music,Stop the music
Corpus4,2,hey Google how many calories are in a banana,Google how many calories are in a banana,hey Google how many points are a banana,hello Google how many calories are in a banana,hey Google how many calories are in a banana,how does that how many calories are in a banana,hey Google how many calories are in a banana,hey Google how many calories in a banana,hey Google how many calories are in a banana,how many calories are in a banana,hey Google how many calories are in a banana,hey Google how many calories in a banana,how many calories are there in a banana,hello Google how many calories are in a banana,hey Google how many calories are in a banana,how many calories
Corpus4,3,hey Google play some music,hey Google play some music,hey Google play some music,hoverboard Amazon music,hey Google play some music,play some music,hey Google play some music,hey Google play some music,hey Google play some music,hey Google play some music,hey Google play some music,hey Google play some music,hey Google play some music,hey Google play some music,move on some music,-
Corpus4,4,hey Google flip a coin,hey Google flip a coin,hey Google flip a coin,hey Google flip a coin,hey Google flip a coin,flip a coin,hey Google flip a coin,Google flip a coin,hey Google flip a coin,hey Google flip a coin,hey Google flip a coin,hey Google,Google flip a coin,Google flip a coin,hey Google flip a coin,H3
Corpus4,5,hey Google what are my reminders for this week,hey Google what are my reminders for this week,OK Google what are my reminders for this week,hello Google what are my reminders for this week,change my reminder for this week,how's the weather this week,hey Google what are my reminders for this week,add reminder for this week,hey Google what are my reminders for this week,what are my reminders for this week,hey Google what are my reminders for this week,hey Google,hey Google what are my reminders for this week,who Google what are my reminders for this week,hey Google what are my reminders for this week,who is
Corpus4,6,hey Google what's the temperature right now,hey Google what's the temperature right now,Google what is the temperature right now,hello Google what's the temperature right now,hey Google what's the temperature right now,what's the temperature right now,hey Google what's the temperature right now,-,hey Google what's the temperature right now,hey Google what's the temperature right now,hey Google what's the temperature right now,hey Google what is the temperature right now,hey Google what's the temperature right now,Google what's the temperature right now,hey Google what's the temperature right now,what's the temperature right now
Corpus4,7,hey Google show me the backyard camera,hey Google show me the back door car,hey boo good show me the back room camera doll,show me the map of Canada,hey Google show me the back door for now,show me the back door camera,hey Google show me the back door camera,Google show me the line,hey Google show me the back door camera,hey Google show me the back door camera,hey Google show me the back door camera,hey Google show me the back door camera,Google show me the picture of tempura,hello Google show me the camera,hey Google show me the camera,show me somebody.
Corpus4,8,hey Google set alarm for 8 a.m. tomorrow,OK Google set alarm for 8 a.m. tomorrow,hey Google set alarm for 8 a.m. tomorrow,set alarm for 8 a.m. tomorrow,hey Google set alarm for 8 a.m. tomorrow,set alarm for 8 a.m. tomorrow,hey Google set alarm for 8 a.m. tomorrow,Google set alarm for 8 a.m.,hey Google set alarm for 8 a.m. tomorrow,hey Google set alarm for 8 a.m. tomorrow,set alarm for 8 a.m. tomorrow,hey Google set alarm for 8 a.m. tomorrow,hey Google set alarm for 8 p.m. tomorrow,hey Google set alarm for 8 a.m. tomorrow,hey Google,Set alarm for 3 p.m. tomorrow
Corpus4,9,hey Google paste red,hello Google,hey Google when is it going to rain,Hoover when is it going to rain,hey Google when is it going to rain,helluva how is it going today,hey Google what is the it going to rain,is it going to be,hey Google when is it going to rain,when is it going to rain,hey Google,hey Google is it going to rain,when is going to rain,Google what is it going today,hey Google when is it going to rain,what is a bronco
Corpus4,10,hey Google turn the living room lights to Blue,-,hey Google turn the living room right to the group,who Google who light blue,hey Google turn the living room light to Blue,"hello Google, living room lights to play",hey Google turn the living room lights to Blue,-,hey Google turn the living room lights to Blue,turn on the living room lights,turn the living room lights to Blue,"hey Google, turn the living room lights to Blue",turn the living room lights to Blue,hello Google,hey Google turn the living room lights to Blue,turn the light blue
Corpus4,11,hey Google snooze the alarm,-,hey Google Snoopy alarm,hoverboard move the alarm,hey Google to set alarm,change the alarm,hey Google snooze the alarm,hey Google snooze.,hey Google snooze the alarm,hey Google snooze the alarm,the alarm,hey Google snooze the alarm,hey Google,Google snooze alarm,hey Google snooze the alarm,-
Corpus4,12,hey Google what's add time to leave for school,-,hey we're going to bosscat Tom to leave for school,broadcast time for me for school,hey Google broadcast it's time to leave for school,Urban that Go pass,hey Google broadcast time to leave for school,Go Google.,hey Google broadcast it's time to leave for school,Herndon Middle School,make a phone call for me for school,hey Google project how to refactor,Google Chromecast,Hoverboard,Google time to leave school,hey Google
Corpus4,13,hey Google stop,Hey Google stop,hey Google stop,Google stop,OK Google stop,who does that stop,hey Google stop,Hey Google stop,hey Google stop,hey Google stop,hey Google stop,Hey Google stop,hey Google stop,go Google.,-,-
Corpus4,14,hey Google remind me at 8 a.m. tomorrow to take my lunch into work,hey Google remind me at 8 a.m. tomorrow to take my lunch break,hey Google remind me at 8 a.m. tomorrow to take my lunch into work,remind me at 8 a.m. tomorrow to take my lunch in Stuart,hey Google remind me at 8 a.m. tomorrow to take my lunch if you walk,hello Google me at 8 a.m. tomorrow to take my lights and TV off,hey Google remind me at 8 a.m. tomorrow to take my lunch into walk,Google Google,hey Google remind me at 8 a.m. tomorrow to take my lunch into work,hey Google remind me at 8 a.m. tomorrow to take my lunch,hey Google remind me at 8 a.m. tomorrow to take my lunch into work,hey Google remind me at 8 p.m. tomorrow to take my life into what,hey Google remind me at 8 a.m. tomorrow,Remind me at 8 a.m. tomorrow to take my lunch into work,Google remind me at 8 a.m. tomorrow to take my lunch into work,remind me at 8 a.m. tomorrow
Corpus4,15,hey Google play some music from Spotify,hey Google play some music on Spotify,hey Google play some music from Spotify,hello Google play some music on Spotify,hey Google play some music from Spotify,play some music from Spotify,hey Google play some music for Spotify,hey Google play some music,hey Google play some music from Spotify,hey Google play some music on Spotify,hey Google play some music from Spotify,hey Google play some music from Spotify,hey Google play some music from Spotify,hey Google play some music from Spotify,hey Google play some music from Spotify,hey Google play some music on Spotify
Corpus4,16,hey Google add apples to my shopping list,hey Google go to my shopping list,hey Google add an app to my shopping list,Hoover I'm apples to my shopping list,add apples to my shopping list,add apples to my shopping list,hey Google add apples to my shopping list,hey Google,hey Google add apples to my shopping list,hey Google Apple to my shopping list,hey Google on my shopping list,hey Google add apples to my shopping list,paste in my shopping list,hey Google add apples to my shopping list,hey Google add apples to my shopping list,hey Google add apples to my shopping list
Corpus4,17,hey Google read row man and Power,a Goomba,hey Google read woman and Power,hello Google women and Power,hey Google read with mental power,heard of that power,hey Google read women have power,OK Google,hey Google read woman and Pablo,hello Google,hey Google with woman power,hey Google redo the power,hey Google with woman and Power,hello Google,hey Google read women and Power,have you been
Corpus4,18,hey Google when is Walmart open until,go Google Walmart open until,hey Google when is the Walmart open until,when is Walmart open,hey Google what is Walmart open until,Walmart,hey Google what is Walmart open until,hey Google when is Walmart open until,hey Google when is Walmart open until,hey Google when is Walmart open until,hey Google when is Walmart open until,hey Google open until,when is Walmart open,Google when is Walmart open until,hey Google when is Walmart open until,-
Corpus4,19,hey Google turn off the song,hey Google turn off the phone,hey Google turn off this out,hello Google,hey Google turn off the song,I love that song,hey Google turn up the song,hey Google turn off the song,hey Google turn up the sound,hello Google,hey Google turn up the sound,"hey Google, Arkansas",Google shut up the song,go Google,hey Google turn up the song,turn off the phone
Corpus4,20,Hey Google cancel the alarm for 3 and 5:15,hello Google call Cody line for 7.15,hey Google can center around 4:25 15 paste,who Google alarm for 7.15,Hey Google cancel the alarm for 7:50,Undo that 5015,"Hey Google, set the alarm for seven 5:15","OK Google, set alarm for seven 10:50",hey Google cancel the alarm for 7:50,hey Google cancel the alarm for 7:15,hey Google cancel the alarm for seven 5:15 voice on Monday,Jesus alarm for seven 5:50,Hey Google set alarm for 7:15,hey Google cancel the alarm for seven points 16,Hey Google cancel the alarm for 7:15,have a good time 7.15
,Condition,A,A,A,A,B,B,B,B,C,C,C,C,D,D,D,D
Corpus5,1,hey Google set an alarm for seven 5:15 tomorrow morning,Hey Google set an alarm for seven 4:15 tomorrow morning,hey Google set an alarm 7 5:55 a.m. tomorrow morning,OK Google set an alarm for 7:14 a.m. tomorrow morning,7:15,set an alarm for 7:15 tomorrow morning,"hey Google, set the alarm for seven 5:15 tomorrow morning",hey Google set an alarm for 7:15 a.m. tomorrow morning,OK Google set an alarm for 7:25 a.m. tomorrow morning,Hey Google set an alarm for 7:15 a.m. tomorrow morning,hey Google set an alarm for 3:15 a.m. tomorrow morning,Hey Google set alarm for 7:50 and 1:15 tomorrow morning,Open,Boo Boo Boo set an alarm for 7:15 a.m. tomorrow morning,Hi Google set an alarm for 7 a.m.,Set an alarm for 7:15 a.m. tomorrow morning
Corpus5,2,hey Google broadcast the football is about to start,hey Google broadcast,hey Google broadcast the football on his about to start,broadcast the football is about to start,hey Google Chromecast at football is about King stop,houses that are about to start,hey Google broadcast the football is about to start,go Google.,hey Google broadcast the football is about to start,hey Google broadcast the football is about to start,Michael Phelps black at the football is about to start,hey Google broadcast.,purple guy,who Google is about to start,horizontal backpack,have a good
Corpus5,3,hey Google flip a coin,hey Google flip a coin,hey Google flip a coin,hey Google flip a coin,hey Google flip a coin,flip a coin,hey Google,Google flip a coin,hey Google flip a coin,hey Google flip a coin,hey Google flip a coin,Hey Google flip a coin,Apply,hey Google flip a coin,hey Google flip a coin,-
Corpus5,4,hey Google spell artificial intelligence,hey Google cell artificial intelligence,a fookin spell artificial intelligence,spell artificial intelligence,hey Google spell artificial intelligence,houses that are artificial intelligence,hey Google spell artificial intelligence,clear Google search,Google spell artificial intelligence,hey Google spell artificial intelligence,hey Google spell artificial intelligence,hey Google spell artificial intelligence,-,hey Booboo cell artificial intelligence,Horizontal,-
Corpus5,5,hey Google how do you make ketchup,hey Google how do you make ketchup,hey Google how do you make ketchup,hey Google how do you make cat stop,hey Google how do you make a cup,how do you make ketchup,hey Google how do you make caps app,Google how do you make ketchup,Google how do you make ketchup,hey Google how do you make ketchup,hey Google how do you make the check,hey Google how do you make ketchup,OK Google,Google how do you make ketchup,hey Google how do you make ketchup,How do you make a
Corpus5,6,hey Google play some music on Spotify,hey Google play some music from Spotify,hey Google play some music from Spotify,hey Google play some music from Spotify,hey Google play some music on Spotify,Roosevelt music from Spotify,OK Google play some music from Spotify,play some music on Spotify,hey Google play some music from Spotify,hey Google play some music from Spotify,hey Google play some music from Spotify,hey Google play some music from Spotify,purple guy,Google play some music on Spotify,hey Google play the song is this,hey Google play some music on Spotify
Corpus5,7,hey Google what are my reminders for this week,hey Google what are my reminders for this week,hey Google what are my reminders for this week,hey Google what are my reminders for this week,hey Google what are my reminders for this week,undo that,hey Google what are my reminders for this week,Google,hey Google what are my reminders for this week,hey Google what are my reminders for this week,hey Google what's on my reminders for this week,hey Google what are my reminder for this week,OK Google,hey Google what are my reminders for this week,hey Google,Google what are my reminders
Corpus5,8,hey Google stop the music in 15 minutes,hey Google stop the music in 15 minutes,hey Google stop the music in 15 minutes,hey Google stop the music in 15 minutes,hey Google stop the music in 15 minutes,Roosevelt stop the music in 15 minutes,OK Google stop the music in 15 minutes,-,hey Google stop the music in 15 minutes,hey Google stop the music in 15 minutes,hey Google stop the music in 15 minutes,hey Google stop the music in 15 minutes,Earth Google,Google stop the music in 15 minutes,hey Google stop the music,16 minutes
Corpus5,9,hey Google brighten the office.,hey Google brighten the office lamp,hey Google brighten office lamp,hey Google brighten the office lamp,hey Google brighten the office lamp,Roosevelt,hey Google like a rocket fly,-,hey Google brighten the office lamp,hey Google brighten the office lamp,hey Google brighten the office lamp,hey Google brighten the office lamp,Google,Google blue Bridle office lamp,hey Google,Hulu
Corpus5,10,Hey Google what does a dolphin sound like,hey Google what does an elephant sound like,hey Google what start an airplane sound like,hey Google what does an elephant sound like,hey Google what does an elephant sound like,what does an elephant sound like,hey Google what does a alligator sound like,hey Google what does,Google what does an elephant sound like,hey Google what does an elephant sound like,hey Google what does an elephant sound like,hey Google what does an elephant sound like,Hudson,hey Google what does an elephant sound like,Horizontal,-
Corpus5,11,hey Google,Hey Google lock the front door,Hey Google lock the front door,Hey Google lock the front door,Hey Google lock the phone,Roosevelt lock the chronicle,Hey Google lock,Undo,Hey Google lock the front door,Hey Google lock the front door,Hey Google lock the front door,Hey Google lock the front door,Stop,clear Google lock the front door,hey Google,have you looked
Corpus5,12,hey Google red women and Power,Hey Google read me the next hour,Hey Google read woman and Power,Google women in power,hey Google,remove that,-,-,Hey Google read Bowman and Pablo,Hey Google read woman and Power,Uncle Phil weed woman and Power,Hey Google read the women and Power,-,Google,hey Google,-
Corpus5,13,hey Google turn the living light room light to Blue,hey Google turn the living room lights to Blue,hey Google turn the living room right to rule,hey Google turn the living room lights to Blue,hey Google turn the living room lights to Blue,Roosevelt the living room lights to Blue,-,-,hey Google turn the living room lights to Blue,hey Google turn the living room lights to Blue,hey Google turn the living room lights to Blue,hey Google turn the living room lights to Blue,-,hey Google turn the living room lights to Blue,hey Google turn the living room lights to Blue,-
Corpus5,14,hey Google call my phone,hey Google call my phone,hey Google call my phone,hey Google call my phone,hello Google,Roosevelt call my phone,Hey Google call my phone,Google find my phone,call my phone,hey Google call my phone,hey Google call my phone,hey Google call my phone,-,Google find my phone,horizontal call my phone,Call my phone
Corpus5,15,hey Google set a timer WhatsApp to 20 between,hey Google set the thermostat to 20 degrees,hey Google set the thermostat to 23 gate,hey Google set the thermostat to 20 degrees,hey Google set the timer,Resume.,hey Google.,Google search,hey Google set the thermostat to 20 degrees,hey Google set the thermostat to 20 degrees,hey Google set the thermostat to 20 degrees,hey Google set the thermostat to 23 degrees,OK Google,Google set the timer set,"hey Google, step to 20 degrees",set a timer
Corpus5,16,hey Google hey my everything. Cell is,hey Google play my evening Jazz playlist,hey Google play my evening Jazz playlist,hey Google play my evening Jazz playlist,hey Google play my 80s playlist,Roosevelt a jazz playlist,Hey Google play my playlist,hey Google play my playlist,hey Google Play My religious playlist,hey Google play my evening Jazz playlist,hey Google play my evening Jazz playlist,hey Google play my evening Jazz playlist,-,Google play my evening Jazz playlist,-,-
Corpus5,17,hey Google,hey Google did the Liverpool win yesterday,hey Google did the Liverpool win yesterday,hey Google did the Liverpool win yesterday,hey Google did the Liverpool with her yesterday,do the vet get the Liverpool game yesterday,her groove on the Liverpool,hey Google,Google did the leave Oakland win yesterday,hey Google did the Liverpool win yesterday,hey Google yesterday,hey Google set the Liverpool win yesterday,Earth Burger,hey Google did the Liverpool game yesterday,-,-
Corpus5,18,hey Google sing a song,hey Google sing a song,hey Google sing a song,hey Google sing a song,hey Google sing a song,Roosevelt,hey Google sing a song,-,hey Google sing a song,hey Google sing the song,hey Google sing a song,hey Google sing a song,-,Google profile,Hey Google sing a song,-
Corpus5,19,Hey Google call the nearest coffee shop,Hey Google call the nearest coffee shop,Hey Google call the nearest coffee shop,Hey Google call the nearest Swap Shop,Hey Google call the nearest coffee shop,Roosevelt all the nearest coffee shop,go Google call Kalia best coffee shop,nearest coffee shop,Hey Google call the nearest coffee shop,Hey Google call the nearest coffee shop,Hey Google call the nearest coffee shop,Hey Google can you call the nearest coffee shop,OK Google,hey Google find the nearest coffee shop,hi Google,-
Corpus5,20,hey Google what's the music,hey Google pause the music,hey Google pause the music,hey Google pause the music,hey Google awesome music Taco Bell near me,resume music,"OK Google, Music",Google call home,hey Google pause the music,hey Google pause the music,hey Google how's the music,hey Google what's the music,Google,Google Music,"hey Google, the music",-
,Condition,B,B,B,B,C,C,C,C,D,D,D,D,A,A,A,A
Corpus6,1,hey Google,hi Google,hey Google open the bite,Hulu,hey Google open the blinds,hey open,OK Google,hey Google open the blinds,Hello Google open the line,Kroger,hey Google open the blinds,Hey Google open the prime,Facebook opened up line,Hey Google open the blinds,Open,Open the blinds
Corpus6,2,hey Google play some music from Spotify,hey Google play Spotify,hey Google play some music from Spotify,hello Google play some music from Spotify,hey Google play some music from Spotify,hey Google play some music from Spotify,hey Google play some music from Spotify,hey Google play some music from Spotify,hello Google play some music put on Spotify,on Spotify,hey Google play some music on Spotify,hey Google play some music,hey Google play some music on Spotify,hey Google play some music from Spotify,the song spoti,play some music on Spotify
Corpus6,3,hey Google,Google add apples to my shopping list,hey Google create a shopping list,add apples to my shopping list,add to my shopping list,hey Google add to my shopping list,hey Google add eggs to my shopping list,hey Google add apples to my shopping list,Hey Google add apples to my shopping list,Previous,how to spell English,hey cut that pineapple to my puppy,hey Google,hey Google add apples to my shopping list,hey Google add Snapple to my shopping list,add apples to my shopping list
Corpus6,4,hey Google what's my day look like,toggle do I look like,hey Google what's my day look like,what does my day look like,hey Google what does my day look like,hey Google what does my day look like,hey Google what does my day look like,hey Google what does my day look like,hey Google what does my day look like,-,how to spell look like,hey Google what does my day look like,what does my day look like,hey Google what does my day look like,hey Google what does my day look like,what does my day look like
Corpus6,5,"hey Google, set the alarm for 12:15",a Google,Google how to spell 15,cancel the alarm for 7:15,Hey Google cancel the alarm for 7:15,Hey Google cancel the alarm for 7:15,"Hey Google, spell 7.15",Hey Google cancel the alarm for 7:15,Hey Google cancel the alarm for 7:50,clear the alarm for 7:15,how to spell 15,Hey Google cancel the alarm for 10:05 p.m.,Hey Google cancel the alarm for 7:15,Hey Google cancel the alarm for 7 4 and 15,Google cancel the alarm for 7:40 with 10,call set the alarm for 7:40
Corpus6,6,hey Google last night football tomorrow,hello Google where is my first event tomorrow,Google where is my first event tomorrow,hello Google what is my friend,hey Google where is my event tomorrow,hey Google where is my first event tomorrow,hey Google where is my car in Grand Theft Auto,hey Google what is my first event tomorrow,go Google where is my first event tomorrow,end of the,toggle phone where is Eagle tomorrow,Google what is my first event tomorrow,what is my first event tomorrow,hey Google why is my first event tomorrow,hey Google what is my first event tomorrow,where is my first event tomorrow
Corpus6,7,hey Google Play money by this on Spotify,a Google home,hey Google Play songs from Spotify,who Google Play money by Lita from Spotify,hey Google Play Naughty by Nature from Spotify,hey Google Play money by Lisa from Spotify,hey Google play 90s by this author Spotify,hey Google Play money by music on Spotify,hey Google Play maluma by Lisa from Spotify,-,hey Google Play My Name Alysa on Spotify,make Google Play Money by Pink Floyd from Spotify,paste Google,hey Google Play money by Leisure from Spotify,hey Google Play money by Lisa from Spotify,play by Lisa from Spotify
Corpus6,8,hey Google set a timer for 10 minutes,a Google set a timer for 10 minutes,hey Google set a timer for 10 minutes,who you talkin alarm for 10 minutes,hey Google set a timer for 10 minutes,hey Google set a timer for 10 minutes,hey Google start a timer for 10 minutes,hey Google set the timer for 10 15 minutes,Google set the timer for 10 minutes,set a timer for 10 minutes,how to fold set a timer for 10 minutes,hey Google set a timer for 10 minutes,set a timer for 10 minutes,hey Google set a timer for 10 minutes,hey Google set a timer for 10 minutes,set the timer for 10 minutes
Corpus6,9,hey Google how did the nearest puppy shop,"hello Google, can I have a shop",Google call the nearest coffee shop,hello Google call the nearest taco shop,hey Google call the nearest coffee shop,hey Google call the nearest coffee shop,OK Google call Liliana office.,hey Google call the nearest coffee shop,hey Google call the nearest coffee shop,find the nearest coffee shop,how to spell pocket shop,take me to 4 the nearest coffee shop,"hey Google, call the nearest coffee shop",hey Google call the nearest coffee shop,hey Google call the nearest coffee shop,go to the nearest coffee shop
Corpus6,10,hey Google set an alarm for 12:15 a.m. tomorrow morning,hello Google set an alarm for 7:15 a.m. tomorrow morning,OK Google set an alarm for 7:15 a.m. tomorrow morning,Google cancel alarm for 7:15 a.m. tomorrow morning,hey Google set an alarm for 7 for 9:15 a.m. tomorrow morning,hey Google set an alarm for 7:15 a.m. tomorrow morning,Hey Google stop the timer alarm clock 7.5 set alarm 5:15 tomorrow morning,hey Google set an alarm for 7:15 a.m. tomorrow morning,hey Google set an alarm for 7.00 a.m. tomorrow morning,Coronavirus,hey Google set tomorrow morning,hey Google set an alarm for 10:25 p.m. tomorrow 1,set an alarm for 5:15 tomorrow morning,Google set an alarm for 7:15 a.m. tomorrow morning,hey Google set alarm for 7:15 a.m. tomorrow morning,set an alarm for 7.00 a.m. tomorrow morning
Corpus6,11,hey Google set alarm for 8 a.m. tomorrow,a Google set alarm for tomorrow morning tomorrow,hey Google set alarm for 8 a.m. tomorrow,set alarm for 8 a.m. tomorrow,hey Google set alarm for 8 a.m. tomorrow,hey Google set an alarm for 8 a.m. tomorrow,OK Google. Set alarm for 8 a.m. tomorrow,hey Google set alarm for 8 a.m. tomorrow,hey Google set alarm for 8 a.m. tomorrow,create an alarm for 8 a.m. tomorrow,Coco song,hey Google set alarm for 8 p.m. tomorrow,hey Google set alarm for 8 p.m. tomorrow,Google set alarm for 8 a.m. tomorrow,hey Google set alarm for 8 a.m. tomorrow,set alarm for 8 a.m. tomorrow
Corpus6,12,hey Google stop the music,hey Google stop the music,hey Google stop the music,stop the music,hey Google stop the music,hey Google stop the music,hey Google stop the music,hey Google stop the music,Google stop the music,stop the music,how to spell stop the music,hey Google stop the music,hey Google stop the music,Google stop the music,hey Google stop the music,stop the music
Corpus6,13,hey Google what are my reminders for this week,Google what are my reminders,hey Google,Google what are my reminders,hey Google what are my reminders for this week,hey Google what are my reminders for this week,hey Google what are my reminders for this week,hey Google what are my reminders for this week,hey Google what are my reminders for this week,Work,how to spell what,hey Google what are my mango,what are my reminders for this week,hey Google what are my reminders for this week,hey Google hey Google what are my reminders for this week,what are my reminders for this week
Corpus6,14,hey Google,a moonbow,Google Sylvia,Google move the alarm,hey Google snooze the alarm,hey Google snooze the alarm,OK Google the alarm,hey Google snooze alarm,hey Google close the alarm,-,Home Depot,hey Google snooze the alarm,Instagram Snoopy alarm,hey Google snooze alarm,hey Google snooze alarm,snooze the alarm
Corpus6,15,hey Google what is the time,hello Google what is the time,hey Google what is the table,what is the time,hey Google what is the time,hey Google what is the time,OK Google what is the time,hey Google what is the time,go Google what is the time,what is the time,Home Depot what is the time,hey Google what's the time,it's Google what is the time,hey Google what is the time,hey Google what is the time,what is the time
Corpus6,16,hey Google how's the music,hi Google,hey Google how's the music,stop the music,hey Google stop the music,hey Google pause the music,hey Google pause the music,hey Google pause the music,hello Google Frozen music,pause the music,make a phone call,wake me up at,case Google Austin music,hey Google pause the music,hey Google how's the music,who is the music
Corpus6,17,hey Google call my mom,hello Google call my mom,hey Google call my mom,hey Google call my mom,hey Google call my mom,hey Google call my mom,OK Google call my mom,hey Google call my mom,hello Google call my mom,Burgerville,how to sew,-,hey Google call my mom,hey Google call my mom,hey Google call my mom,call my mom
Corpus6,18,hey Google what is the traffic like on the way to work,oh Google what is the traffic like on the way to work,Google what is the traffic like on the way to work,Google what is the traffic like on the way to work,hey Google what is the traffic like on the way to work,hey Google what is the traffic like on the way to work,hey Google what does the traffic on the way to Black like that,ok Google what is the traffic like in Belize word,hello Google what is the traffic like on the way to work,hey Google what is the traffic like on the way to work,how to tell what is the traffic like on the way to work,-,Google what is the traffic like on the way to walk,hey Google what is the traffic like on the way to work,hey Google what is the traffic like on the way to work,what is traffic like on the way to work
Corpus6,19,-,a Google,hey Google play Caspar list,Google play my evening Jazz playlist,hey Google Play My evenings destiny,hey Google play my evening Jazz playlist,hey Google play my favorite music,hey Google play my evening Jazz playlist,Google Images,-,how to spell evening just to list,-,hey Google,hey Google play my evening Jazz playlist,hey Google play my evening Jazz playlist,they might even just a this
Corpus6,20,-,hey Google Bluetooth,hey Google,is my phone connected over Bluetooth,hey Google is my phone connected over Bluetooth,hey Google is my phone connected over Bluetooth,OK Google is my phone going to text over Bluetooth,hey Google is my phone connected over Bluetooth,hello Google is my phone connected over Bluetooth,is my phone connected to Bluetooth,hold the phone is my phone connected,Hey Google,hey Google with my phone connected over Bluetooth,hey Google is my phone connected connected over Bluetooth,hey Google is my phone connected over Bluetooth,is my phone connected
,Condition,D,D,D,D,A,A,A,A,B,B,B,B,C,C,C,C
Corpus7,1,hey Google play some hip hop,hey Google play some hip hop,-,Hey Google play some hip hop,Hey Google play some hip hop,Play,Hey Google play some hip hop,hey Google play some hip hop,Hello Google,-,play some hip hop,How's that play some hip hop,Hey Google play some hip hop,Hey Google play some hip hop,Hey Google,Play some people
Corpus7,2,OK Google,hey Google,Hey Google,Hoverboard.,hey Google skip this track,hey Google skip this track,hey Google skip this track,hey Google skip this back,go Google.,Hello Google,hey Google list,color Google,hey Google skip this track,hey Google skip this track,hey Google skip this track,UPS Store
Corpus7,3,hey Google turn on the bedroom light,hey Google turn on the bedroom light,-,Hey Google turn on the bedroom light,hey Google turn on the bedroom light,hey Google turn on the bedroom light,hey Google turn on the bathroom light,hey Google turn on the bedroom light,Hey Google turn on the bedroom light,clear Google,how to say turn on the bedroom lights,"hey Google, turn on the bedroom light",I know that,hey Google turn on the bedroom light,hey Google turn on the bedroom light,turn on the bedroom light
Corpus7,4,hey Google red women and Power,a Google group,her beautiful woman,hey Google women and Power,hey Google read woman and Power,hey Google read woman and flower,hey Google redo women and Power,hey Google read women and Bar,hey Google read blue Alpha,urban Belle,how to spell I need more power,Whole Foods,Play create woman and Ava,table with Ree Drummond and Power,hey Google what do you mean and color,woman in power
Corpus7,5,hey Google call the nearest coffee shop,hey Google call the nearest coffee shop,Google call the nearest coffee shop,hey Google call the nearest coffee shop,hey Google call the nearest coffee shop,hey Google call the nearest coffee shop,hey Google call the nearest coffee shop,hey Google call the nearest coffee shop,Google call the nearest coffee shop,-,Home Depot the nearest coffee shop,"hey Google, nearest coffee shop",hey Google call the nearest coffee shop,hey Google call the nearest coffee shop,Google call the nearest coffee shop,go to the nearest coffee shop
Corpus7,6,hey Google how do you spell fifth,hey Google how do you solve this problem,Google how do you solve this problem,Google how do you solve this problem,hey Google how do you solve this problem,hey Google how do you solve this problem,hey Google how do you solve this problem,hey Google how do you solve this problem,hello Google how do you solve this problem,how do you say,how to spell how do you spell describing,hey Google how do you hack this table,hey Google how do you solve the problem,hey Google how do you solve this problem,hey Google how do you solve this problem,how do you solve this problem
Corpus7,7,hey Google how much time left on this chapter,hey Google how much time is left on the Sceptre,how much time is left on the Shafter,hello Google how much time is left on this tablet,hey Google how much time is left for this chapter,hey Google how much time is left on this chapter,hey Google how much time is left on this table chapter,hey Google how much time is left on this chapter,OK Google how much time is left on this chapter,-,how to tell how much time is left,hey Google how much time is left on this tablet,hey Google how much time is left on this chapter,hey Google how much time is left on the Sceptre,hey Google how much time is left on this chapter,how much time is left on this apply
Corpus7,8,hey Google Bluetooth pairing,hey Google route home,hey Google Bluetooth,hello Google,hey Google Bluetooth pairing,hey Google Bluetooth pairing,hey Google Bluetooth pairing,Google Music,OK Google,hey Google,how to spell Bluetooth High,OK Google blue 2 player,hey Google Bluetooth pairing,hey Google,hey Google Bluetooth pairing,Groove Theory
Corpus7,9,hey Google flip a coin,OK Google flip a coin,Google flip a coin,hey Google flip a coin,hey Google flip a coin,hey Google flip a coin,hey Google flip a coin,hey Google flip a coin,hey Google flip a coin,-,Home Depot,how to get flip a coin,flip a coin,Google flip a coin,hey Google flip a coin,flip a coin
Corpus7,10,hey Google header 15 lb by 30 minutes,hey Google put a timer for 30 minutes,Google send a second timer for 15 minutes,set alarm for 30 minutes,hey Google set a second timer for 30 minutes,hey Google set a second timer for 30 minutes,hey Google set a second timer for 30 minutes,hey Google set the second timer for 30 minutes,hey Google set a second timer for 30 minutes,heard of it,how to spell minutes,how's the weather,set a second alarm for 30 minutes,hey Google set a second timer for 30 minutes,hey Google set a second timer for 30 minutes,set a timer for 30 minutes
Corpus7,11,hey Google,"hey Google, thermostat to 20 degrees",hey Google send a text to 23 k,tablet thermostat,hey Google set the thermostat to 20 degrees,hey Google set the timer set to 20 degrees,hey Google set the timer start to 26,hey Google set the timer start,go to Google settings.,hello Google,how to spell,Exit,hey Google,hey Google set the timer set to 20 degrees,"hey Google, set a to 20 degrees",set the thermostat to 20 degrees
Corpus7,12,hey Google what is the time,hi Google what is the time,hey Google,what is the time,hey Google what is the time,hey Google what is the time,hey Google what is the time,hey Google what is the time,Hey Google what is the time,hey Google what is the time,hello Google what is the time,hey Google what is the time,hey Google what is the time,hey Google what's the time,hey Google what is the time,what is the time
Corpus7,13,hey Google remember that I left the factory,clear Google remember that I left the start,hey Google Play,remember that I love this. He's in a kitchen,hey Google remember that I left the spare key in the kitchen table,hey Google remember that I left the spare key in the kitchen cabinet,hey Google remember that I left the spare keys in the kitchen,hey Google remember that I left the space leave in the kitchen,hey Google remember that I left the spare key in the kitchen cupboard,Herbivore,how to spell the number that I left,hey Google remember that I left at 7 p.m.,Facebook,hey Google remember that I,hey Google remember this I left the spare fuse in the kitchen cupboard,remember the kitchen
Corpus7,14,hey Google take me to Walmart,a Google when is Walmart open until,Ok Google where is Walmart,who's Google,hey Google when is Walmart open until,hey Google when is Walmart open until,hey Google when is Walmart open until,hey Google when is Walmart open until,hey Google when is the Walmart open,Herbivore,hey Google when is Walmart open until,hey Google,Facebook open,hey Google when is Walmart open until,hey Google when is Walmart open until,-
Corpus7,15,hey Google,hey Google brighten black apply,hey Google Freddy Krueger the office,hey Google brighten the office lamp,hey Google brighten the office lamp,hey Google brighten the office man,hey Google light on the office lamp,hey Google brighten the office lamp,hey Google brighten the office lamp,hey Google,how to thaw Right End,hey Google brighten my office lamp,hey Google Right Center office left,they will be back in the office lamp,hey Google brighten the office lamp,brighten the fourth estate
Corpus7,16,hey Google,go Google home.,"hey Google,",hey Google hang up,hey Google hang up,hey Google hang up,hey Google find gas,hey Google hang up,hello Google,hey Google,hello Google,call Google Hangout,voice Google,-,hey Google hang up,have a good
Corpus7,17,hey Google delete my reminder to pick up my dry cleaning,A Google reminder to pick up my dry cleaner,"Google, to pick up",who Google,Hey Google delete my reminder to pick up my dry cleaning,Hey Google delete my reminder to pick up my dry cleaning,hey Google delete my reminder to pick up my dry cleaning,Hey Google delete my reminder to pick up my dry cleaning,hey Google delete my reminder to pick up my dry cleaning,hello Google,how to thaw delete my reminder to pick up my dry cleaning,hey Google delete my reminder to pick up my dry cleaning,delete my reminder.,hey Google delete my reminder to pick up my dry cleaning,Hey Google delete my reminder to pick up my dry cleaning,to pick
Corpus7,18,hey Google call my phone,Google call my phone,hey Google call my phone,hey Google call Nicole,hey Google call my phone,hey Google call my phone,hey Google call my phone,hey Google call my phone,Google call my phone,hey Google,how to thaw,hey Google call my phone,Hey Google call my phone,hey Google call my phone,hey Google call my phone,call my phone
Corpus7,19,hey Google broadcast,hello Google Font app,hey Google,broadcast dinner is ready,hey Google broadcast dinner is ready,hey Google broadcast dinner is ready,hey Google broadcast Stella is Freddy,hey Google broadcast,who Google dinner is ready,Hurdler,hey Google broadcast dinner is ready,Freddy,hey Google broadcast dinner is ready,hey Google broadcast,hey Google broadcast dinner is ready,broadcast dinner is ready
Corpus7,20,hey Google add apples to my shopping list,oh Google,hey Google create a shopping list,add popcorn to my shopping list,hey Google add apples to my shopping list,hey Google add apples to my shopping list,hey Google add apples to my shopping list,hey Google add apples to my shopping list,hello Google add apples to my shopping list,create a shopping list,hey Google,hey Google add apples to my shopping list,hey Google to my shopping list,hey Google add apples to my shopping list,hey Google add apples to my shopping list,add eggs to my shopping list
,Condition,C,C,C,C,D,D,D,D,A,A,A,A,B,B,B,B
Corpus8,1,hey Google tell me a light,hey Google help me relax,Hey Google help me Lila,hey Google how clear it out,hey Google help me relax,how's the weather,hey Google help me relax,-,Hey Google help me light,Hey Google help me relax,-,Hey Google help me relax,Open,Hey Google help me relax,How to play,-
Corpus8,2,hey Google sing a song,hey Google sing a song,hey Google sing a song,hey Google sing a song,hey Google sing a song,how's the weather,color Google,who who wrote The Love Song,hey Google sing the song,hey Google sing a song,hey Google sing a song,hey Google sing a song,-,hey Google sing a song,Hey Google sing a song,Clear silicone
Corpus8,3,Hey Google read a bedtime story,Hey Google read a bedtime story,hey Susan read a bedtime story,Hey Google read the bedtime story,Hey Google read a bedtime story,read a bedtime story,hey Google link up a time story,Hey Google read a bedtime story,Hey Google read a bedtime story,Hey Google read a bedtime story,Hey Google read a bedtime story,Hey Google read a bedtime story,-,go Google,Hey Google bedtime story,have a good story
Corpus8,4,hey Google set the temperature to decrease,hey Google what's the temperature at 3 degrees,hey Google right the temperature 3 degrees,raise the temperature,hey Google what is the temperature 2 degrees,how does that change the temperature 3 degrees,go Google the temperature,Google Music,hey Google temperature,hey Google what is the temperature 3 degrees,hey Google what's the temperature 3 degrees,hey Google raise the temperature 3 degrees,-,hey Google what is the temperature 2 degrees,horizontal,Resume
Corpus8,5,hey Google set an alarm for 3:15 a.m. tomorrow morning,hey Google set an alarm for 7:15 a.m. tomorrow morning,hey Google set the alarm for 3 and 5:15 a.m. tomorrow morning,hey Google set an alarm for 7.00 a.m. tomorrow morning,hey Google set an alarm for 6 a.m. tomorrow morning,set an alarm for 7:15 a.m. tomorrow morning,hey Google set an alarm for 7:15 a.m. tomorrow morning,Google set an alarm for 7:15 a.m. tomorrow morning,hey Google set an alarm for 7.00 a.m. tomorrow morning,hey Google set an alarm for 7:15 a.m. tomorrow morning,hey Google set an alarm for 7 for 5:15 a.m. tomorrow morning,hey Google set an alarm from 7.15 a.m. tomorrow morning,-,Google set an alarm for 7:15 a.m. tomorrow call,hey Google hello,7 8:50 tomorrow morning
Corpus8,6,hey Google do I have any alarm set,hey Google do I have any alarm set,hey Google do I have any alarm set,hey Google do I have any alarm set,hey Google do I have any alarm set,houses that glow,hey Google do I have any alarm set,Google do I have any alarm set,Google do I have any alarm set,hey Google do I have any alarm set,hey Google do I have any alarm set,hey Google do I have any alarm set,-,do I have,hey Google do I have any alarm set,do I have any alarm set
Corpus8,7,hey Google Play money by 45,hey Google Play money by Lisa from Spotify,hey Google Play money by Lisa from Spotify,hey Google Play money by Lisa from Spotify,hey Google play Miley Miley cell from Spotify,hold of that money by 9,hey Google play Maddie by this awesome Spotify,oh Google,hey Google the money by Lisa song Spotify,hey Google Play money by Lisa from Spotify,hey Google Play Manny Barber Shop on Spotify,hey Google Play money by Noosa from Spotify,Purple.,hey Google play my music on Spotify,hey Google Play honey Melissa from Spotify,play money by Lil Durk on Spotify
Corpus8,8,hey Google skip to the next stop.,hey Google skip the next chapter,hey Google skip to the next chapter,hey Google skip to the next chapter,hey Google skip to the next chapter,how do that skip to the next chapter,hey Google go to the lake,who Google,hey Google skip the next step,hey Google skip to the next chapter,skip to the next chapter,hey Google skip to the next chapter,-,Herbivore,hey Google next,I ordered
Corpus8,9,Hey Google are there any Italian restaurant around here,hey Google are there any Italian restaurants around here,hey go good in Korean restaurant around here,hey Google are there any Italian restaurants around here,hey Google are there any Italian restaurant around here,undo that are there any Italian restaurants around here,OK Google are there any Italian restaurants around here,hey Google are there any Italian restaurants around here,hey Google are there any Italian restaurants around you,hey Google are there any Italian restaurants around here,hey Google are there any Italian restaurants around here,hey Google are there any Italian restaurant around here,-,hey Google are there,hey Google are there any Italian restaurant around here,-
Corpus8,10,hey Google play some hip hop,hey Google play some hip hop,hey Google play some hip hop,hey Google play some hip hop,hey Google play salsa pop,play some hip hop,hey Google play some hip hop,Google birthday song,hey Google play some K-pop,hey Google play some hip hop,hey Google play some hip hop,hey Google play some hip hop,-,hey Google play something,hey Google play some hip hop,Play some Pitbull
Corpus8,11,hey Google play some music,hey Google play some music,hey Google play some music,hey Google play some music,hey Google play some music,hoses that play song music,hey Google play some music,Hey Google play some music,hey Google play some music,hey Google play some music,hey Google play some music,hey Google play some music,-,hey Google play some music,hey Google play a song music,play some music
Corpus8,12,hey Google turn on all the 3 set,hey Google turn on all the switches,hey Google turn on auto switch,hey Google turn on August,hey Google turn on Netflix,undo that turn on all the speakers,hello Google,Google turn on all the switches,hey Google turn on all the switches,hey Google turn on all the switches,hey Google turn on August,hey Google turn on all the switches,Cut the deck,hello Google.,hey Google call Mom,hey Google all switches
Corpus8,13,hey Google what's the weather like today,hey Google what's the weather like today,hey Google what's the weather right today,hey Google what's the weather like today,hey Google what's the weather like today,how's the weather what's the weather like today,hey Google what's the weather like today,Google what's the weather like today,hey Google what's the weather like today,hey Google what's the weather like today,hey Google what's the weather like today,hey Google what is the weather like today,Today,Hey Google what's the weather like today,hey Google what's the weather like today,hey Google what's the weather like today
Corpus8,14,hey Google Bluetooth pairing,hey Google Bluetooth pairing,hey Google Bluetooth pairing,hey Google Bluetooth pairing,hey Google Bluetooth,Bluetooth column,hey Google Bluetooth,OK Google little baby,play Google music Berry,hey Google Bluetooth pairing,make a phone Bluetooth pairing,hey Google blue tooth fairy,-,Google Google settings,hey Google Bluetooth pairing,Bluetooth pairing
Corpus8,15,hey Google set the kitchen light to 15%,hey Google set the kitchen lights to 50%,hey Google set the kitchen light to 50%,hey Google set the kitchen lights to 50%,hey Google set the kitchen light to 50%,Roosevelt High School,hey Google set the kitchen lights to,Google settings,Google set the kitchen lights to 50%,hey Google set the kitchen lights to 50%,hey Google set the kitchen light to 50%,hey Google set the kitchen lights to 50%,-,who Google set the kitchen lights to 50%,hey Google kitchen lights to 50%,-
Corpus8,16,OK Google how much time is left on this circus,hey Google how much time is left on this after,hey Google how much time is left on this chapter,hey Google how much time is left on this chapter,hey Google how much time is left on this chapter,how much time is left on this chapter,hey Google how much time is left on the table.,hey Google how much time left on the start,hey Google how much time is left on this chapter,hey Google how much time is left on this chapter,how much time is left on this chapter,hey Google how much time is left on this chapter,-,hey Google how much time is left on the timer,hey Google how much time is left on this chapter,on on this subject
Corpus8,17,hey Google help,hey Google help,hey Google help,hey Google help,Carnival.com,undo that,Jose Cuervo,Hulu,OK Google,hey Google help,hey Google,hey Google help,-,hello Google,hey Google help,-
Corpus8,18,hey Google back.,hey Google broadcast dinner's ready,hey Google broadcast dinner is Larry,hey Google broadcast dinner is ready,hey Google broadcast dinner is ready,how's the weather,hey Google broadcast dinner is ready,hello Google.,hey Google broadcast dinner is ready,hey Google. The dinner is ready,hey Google broadcast Gino is ready,hey Google broadcast a message,-,broadcast dinner's ready,hey Google back 5 dinner is ready,Hey look
Corpus8,19,Hey Google and set the alarm for 35 15,hey Google cancel the alarm for 7 to 15,hey Google cancel the alarm for 3 and 5:15,hey Google cancel the alarm for seven points 15,hey Google cancel the alarm for 7:50,Roosevelt,hey Google by 7 + 15,Hey Google cancel the alarm for 7:15,Google cancel the alarm for seven points 15,hey Google cancel the alarm for 7 for 1:15,hey Google cancel the alarm for 7:46 a.m.,hey Google cancel the alarm for 7:40 1 5,-,-,hey Google cancel my alarm for 7:15,-
Corpus8,20,hey Google add apples to my shopping list,hey Google add apples to my shopping list,hey Google ask app to my shopping list,hey Google add apples to my shopping list,hey Google,how's the weather,hey Google to my shopping list,hey Google add apples to my shopping list,hey Google add apples to my shopping list,hey Google add apples to my shopping list,hey Google add apples to my shopping list,hey Google add apples to my shopping list,-,hey Google add apples to my shopping list,hey Google add to my shopping list,-
